JUSA BOUTIQUE - VIAJE: Viaje Inicial;;;;;;;;;
Fecha;29/09/2026;;;;;;;;
Cotización;1165;;;;;;;;
Pasajes;250000;;;;;;;;
Viáticos;150000;;;;;;;;
Flete;50000;;;;;;;;
;;;;;;;;;
Vendido;Prenda;Categoría;Cantidad;Precio BRL;Compra PYG;Viaje PYG;Costo Real PYG;Ganancia %;Precio Venta PYG
NO;JEANS S.HUI;General;3;110;128150;3308;131458;70;223479
NO;PANTALON CABALLERO;General;2;65;75725;1955;77680;70;132056
NO;BLUSA GYM N/B;General;2;40;46600;1203;47803;100;95606
NO;CONJUNTO GYM CORTO N/R;General;2;65;75725;1955;77680;70;132056
NO;CONJUNTO GYM/R/V/N;General;3;80;93200;2406;95606;100;191212
NO;CAMISILLAS N/C/B;General;3;40;46600;1203;47803;100;95606
NO;BLUSA AMOUR;General;3;35;40775;1053;41828;100;83655
NO;BLUSAS C/ ENCAJES BLANCO/NEGRO;General;6;60;69900;1805;71705;50;107557
NO;REMERAS ALGODON/DISEÑO PLAYA CELESTES;General;12;35;40775;1053;41828;100;83655
NO;REMERAS C/DISEÑOS C/A;General;2;40;46600;1203;47803;70;81265
NO;REMERAS C/BRILLOS;General;9;40;46600;1203;47803;100;95606
NO;CONJUNTO ALO;General;3;120;139800;3609;143409;100;286818
NO;CONJUNTOS SHORT/BLUSA ESTAMPADOS;General;3;30;34950;902;35852;100;71705
NO;MONITOS/ESTAMPOADOS;General;2;30;34950;902;35852;100;71705
NO;PANTALON CARGO;General;5;85;99025;2556;101581;100;203163
NO;BLUSAS P/ OFICINA;General;4;30;34950;902;35852;100;71705
NO;JEANS CLASICO;General;3;85;99025;2556;101581;100;203163
NO;JEANS C/RAYAS EN LOS COSTADOS;General;3;95;110675;2857;113532;100;227064
NO;SHORT JEANS C/BRILLO;General;1;65;75725;1955;77680;35;104868
NO;SHORT JEANS/370;General;1;65;75725;1955;77680;100;155360
NO;SHORT JEANS/017;General;3;55;64075;1654;65729;70;111740
NO;SHORT JEANS/871;General;4;65;75725;1955;77680;70;132056
NO;FALDA JEANS NEGRO;General;4;60;69900;1805;71705;100;143409
NO;FALDAS DE JEANSC/BRILLO;General;3;60;69900;1805;71705;100;143409
NO;JEANS CLASICO/952;General;1;75;87375;2256;89631;100;179261
NO;JEANS C/BRILLO 212;General;2;95;110675;2857;113532;100;227064
NO;JEANS C/BRILLO PLUS;General;3;95;110675;2857;113532;100;227064
NO;CAMISA RAYAS/CELESTE;General;4;55;64075;1654;65729;100;131458
NO;CONJUNTO CELESTE SHOTS/BLUSA;General;1;149;173585;4481;178066;100;356133
NO;CAMISITA JEANS;General;2;60;69900;1805;71705;100;143409
NO;PANTALON JEANS FINO;General;4;65;75725;1955;77680;100;155360
NO;MONO JEANS FINO;General;3;80;93200;2406;95606;60;152970
NO;SHORTS DE JEANS FINO;General;2;50;58250;1504;59754;100;119508
NO;CHALEQUITO JEANS RAYAS CLARO;General;2;60;69900;1805;71705;70;121898
NO;CHALEQUITO JEANS RAYAS;General;2;70;81550;2105;83655;100;167311
NO;JEANS OSCURO A RAYAS;General;3;110;128150;3308;131458;100;262917
NO;SHORTS JEANS RAYAS CREMA;General;1;85;99025;2556;101581;100;203163
NO;JEANS A RAYAS CREMA;General;2;95;110675;2857;113532;70;193005
NO;CAMISA DE JEANS CLARO A RAYAS;General;1;100;116500;3008;119508;100;239015
NO;REMERA ALGODON C/DISEÑO GATO;General;2;32;37280;962;38242;100;76485
NO;POLLERA RASTRETRA;General;6;35;40775;1053;41828;100;83655
NO;CONJUNTOD ALGODON AZUL/RAYITAS;General;2;50;58250;1504;59754;100;119508
NO;BLUSAS ESTAMPADAS SRA;General;6;33;38445;993;39438;100;78875
NO;CONJUNTO HILO ROSA/NEGRO;General;2;99;115335;2978;118313;70;201131
NO;CONJUNTO SHORTS Y BLUSA A MOTAS;General;2;159;185235;4782;190017;35;256523
